# rubric.tsv — the sections of the ledger warrant set, one per test module, in document order.
# key <TAB> heading title
finding_kinds	The Kinds: Three Outcomes Kept Apart, the Exit Code Deciding, and a Witness Run Where Its Caller Says
finding_kindspec	The Kind Parser: A Refusal Menu That Names the Falsifiable Kinds First, and a Key Alphabet That Is a Contract
finding_restem	The Restem: One Finding Under Two Spellings Counted Once, With the Hyphen Boundary Load-Bearing
finding_keys	The Key Ordinals: A Taken Set Rather Than a Stale Suggestion, and an Unslugged Key Still an Occupant
finding_census	The Kind Census: A Zero Row for Every Declared Kind, and Behavioural Derived From the Order, Never Restated
finding_resolve	The Resolver: Exact Wins, a Unique Prefix Resolves, and Ambiguity Refuses Naming Its Candidates
finding_bibkeys	The Bib Keys: Read Through the Caller's Bib Tool, and Unreadable Never Smoothed Into Empty
finding_polarity	The Polarity Probe: No Witness Born Reporting the Opposite of Its Own Finding, and a Gate Rather Than a Wall
finding_mode	The Mode Witness: Two Decorrelated Lenses the Caller Supplies, a Deleted Mode Open, and Exactly One Green Path
