# rubric.tsv — the sections of the hooks warrant set, in document order.
# key <TAB> heading title
payload	Payload: Untrusted Input, and the Arming Switch
checkers	Checkers: That Config Reaches an In-Flight Edit
cmdparse	Command Parsing: Which Program Is Actually Being Run
adoption	Adoption: The Packaged Hook Against a Repo That Is Not This One
routing-table	The Routing Table: Read From the Edited Repo, and What Absent Means
structural-query	The Gate Itself: What It Refuses, What It Must Not, and Whether It Is Armed
bar-fires	The Bar Fires: Each Rule Asserted Against the Absence It Means
no_chaining	No Chaining: The Composition Refused, and the Exit Status a Pipe Discards
no_verify	No Verify: The Gate Bypass Refused Before It Runs, and Detected After
grade	Grading: Falsifiability Proven by Mutation, Not Presence Proven by Reading
exec-env	Execution Environment: What a Witness Can Actually Reach, Measured in Both Modes
venv-artifact	The Venv as a Build Artifact: Closed to What Its Closure Does Not Declare
reader-guard	The Reader Guard: Runnability Tested by Executing, Not Presence Tested by Stat
shellcheck	The Shell Hook: What the Linter Says, and What an Absent Linter Does
shellcheck-cli	The Shell Hook by Hand: One File, One Tree, One Command, and Could-Not-Look Is Never Clean
pycheck	The Python Edit Gate: The Post-Edit File Checked, a Tree Exclusion Honoured, and No Check Means No Pass
adopt-launcher	The Consumer Launcher: Another Repo Running This Venv, Failing Closed, With the Repair Reachable
githook-pre-push	The Shared Pre-Push: An Operation in Flight Refused, and a Repo's Own Hook Given the Same Stdin
refusal-log	The Refusal Log: A Refused Invocation Recorded Where Its Caller Says, and Not-Sent Reported, Never Swallowed
flag-contract	The Flag Contract: An Unknown Flag Refused by Name, and an Unstated Choice Between Two Refused
suppressions	The Suppression Gate: A Line-Scoped Directive an Edit Adds Is Refused, and Existing Debt Never Blocks
gate-ledger	The Gate Ledger: One Path for Writer and Reader, and the Fail-Fast Order
gen-warrants	The Warrant Transcriber: One Entry per Unwarranted Test, Keyed by File and Name, and a Brace Refused
hook-argv	The Hook Argv Contract: Any Argument Refused by Name Before the Payload Is Read, One Declared Mode
inbound-asks	The Inbound-Asks Context Hook: Unclaimed Peer Asks Surfaced Once, a Tool That Could Not Run Said and Never Read as Nothing, and No Refusal
worktree-venv	The Worktree Venv Fallback: a Linked Worktree Borrows the Main Tree Venv for the Same Distribution, Tools Only
nemik-check	The Nemik-Check Context Hook: This Repo's Shape Findings Surfaced Once, a Reader That Could Not Run Said and Never Read as Clean, and No Refusal
githook-post-commit	The Post-Commit: the Shared Hook Writes the Advisory Marker and Reports a Failed Amend and Never Pushes, the Repo Hook Pushes and Names Why a Push Stopped
githook-prepare-commit-msg	The Shared Prepare-Commit-Msg: the Gate Report Folded Into the Message Once, Every Failure Reported Rather Than Swallowed, and No Push
host-facts	The Host Facts: the zram Ceiling and the Tick Lock Read as Facts, Absent When Unreadable and Never Zeros or Empty
tick-stop	The Tick-Stop Guard: a Held Fresh Host Lock Blocks the Stop Once and Never Twice, a Stale or Unreadable One Blocks Nothing
tick-gate	The Tick Gate: a Loop Prompt That Cannot Run Is Refused Before It Costs a Turn, Every Other Prompt Passes Untouched, and a Fact That Cannot Be Read Blocks Nothing
after-compaction	The After-Compaction Context: the Project's Pointers to Its Durable State and the Live Host Facts Come Back After a Compact Only, a Missing Notes File Is Said Not Skipped, and a Session Start Is Never Blocked
tick-release	The Tick-Lock Release: a Fresh Host Lock Is Released at Session End Through the One Writer, a Stale or Unreadable One Is Left Alone, and a Writer That Cannot Be Found or Fails Is Said and the Lock Left Held
pycheck-cli	The Python Edit Gate by Hand: the Unclipped Verdict on One File, Not-Checked Is Never Clean, and a File in No Project Is Not Checked Though the Hook Would Admit It
pycheck-census	The Gate's Verdict as a Ledger: Findings Counted per File From the Report's Own Markers, a Refusal Never Zero, and a File No Checker Judged Never Clean
build-failure	The Build-Failure Report: a Failed Build's Cause Read From BuildBuddy by Invocation Id and Fed Back on Exit 2, an Unreadable Log or Missing Reader Stated With the Command, and a Failure That Ran No Build Left Alone
pycheck-closure	The Closure Advisory: Unclean Imports Named From Debtplan's Graph With Their Findings, and Silence When No Ledger, Planner or Debt Is There
pycheck-advise	The Closure Hook: an Edited Python File's Unclean Imports Added as Context After the Edit, Never a Refusal, and Anything Else Says Nothing
pycheck-changed	The Gate's Verdict on Every Changed File: Names From Git's Status, a Rename's Origin and a Deletion Skipped, and One Exit That a Refusal Never Loses to a Clean Run
commit-kata	The Commit Kata: a Commit's Outcome Read From HEAD and Stated in One Last Line (Committed, Refused, or Not Committed), No Tracked Path Committing Nothing, and a Rewritten Lock Riding Along
hooks-preflight	The Hooks Preflight: the Venv Rebuilt Before the Changed-Files Verdict, and a Rebuild That Cannot Run Is Not Checked, Never Clean
read-guard	The Read Guard: an Unbounded Whole-File Read of an Oversized File Is Denied With the Cheaper Reads Named, a Bounded or Rendered or Unsizable One Is Admitted, and an Unarmed Guard Says Nothing
bazel-admit	The Bazel Admission: Heavy Commands Wait on Zram Headroom and a Memory Lease, Light Ones Run Untouched, a Full Zram Is Refused After a Bounded Wait, and What Cannot Be Read Blocks Nothing
pycheck-format	The Format Mode: The Project's Own Formatter Applied to One File, Written Only When It Changes, and a File in No Project Never Reads as Clean
snapshot	The Snapshot: An Immutable Tree at One Fixed Namespaced Path, Locked Against a Second Writer, Updated by Its Difference, and Never the Real Index
warrant-crosscheck	The Prune Cross-Check: What --prune Would Drop Must Equal the Pairing Check's Orphan Set, a Disagreement or a Missing Checker Refuses Before Anything Is Written, and --dry-run Shows It
pairing-sections	The Section Agreement in the Pairing Check: Warrant Sections Against Rubric Rows, Named Both Ways, a Lost Tab or Title Caught Before Commit
commit-launcher	The Commit Launcher: A Stable Path to mikemol-commit That Hands Every Argument Through and Refuses, Naming the Repair, When the Built Venv or Its Script Is Absent
inbound_launcher_root	Inbound-asks launcher root
post_commit_census	Post-commit ledger census
build_failure_note	Failure hook notes the gate card
tool_path	tool_path
probe	Hooks probe fires each gate
commit_claim	Commit claim keyed on the repository
commit_published	Commit verdict says published
commit_launcher_fence	Launcher names the fence
gen_warrants_rubric	Prune drops empty rubric rows
shell_pipefail_race	Hook scripts hold no pipefail race
commit_run_git	Commit wait is on git itself
isolated_commit	Isolated commit (W901)
commit_isolated	Isolated commit mode (W902, W903)
shellcheck_added	Shellcheck judges what an edit adds (W937)
new_dist	The new-distribution generator's pure core (W944)
new_dist_cli	The new-distribution generator's shell (W945)
commit_limit	The commit time limit's override (W946)
repin	The repin core (W957)
repin_cli	The repin shell (W958)
loadwait	Waiting for host load before a gate
