# rubric.tsv — the sections of the ratchet warrant set, in document order.
# key <TAB> heading title
membership	Membership: The Set, and the Substitution a Count Cannot See
states	The Four States: Two Independent Properties, and Why ABSENT Is Not EMPTY
write	The Write: Required, Explicit, and Confirmed
census	The Census: The Key's Grain, and Refusing an Untrustworthy Read
cli	The CLI: The Birth Move, and Which Invocation Mutates
remap	The Remap Guard: A Move May Change Paths and Nothing Else
keys	The Key Schema: Which Field Is the Path, Declared Rather Than Guessed
cannot_census	Cannot Census: A Checker That Cannot Run Refuses With Its Name, Never a Traceback, Never a Green
